{
  "reference": "8jr9_receptor",
  "reference_length": 341,
  "alignments": {
    "6nbf_receptor": {
      "score": 88.8000000000007,
      "length": 372
    },
    "7lci_receptor": {
      "score": 77.45000000000051,
      "length": 393
    },
    "6x18_receptor": {
      "score": 82.9500000000005,
      "length": 384
    }
  }
}