Receptor,Ligand,logEC50,Hill
GLP1R-2M,PCO371,-4.5556176469214,1.0687070846535016
GLP1R-2M,PTH,-11.0,1.0
GLP1R-4M,PCO371,-4.49999890184714,9.812728814116914
GLP1R-4M,PTH,-11.0,1.0
GLP1R-5M,PCO371,-5.138299404325667,0.7868383226963006
GLP1R-5M,PTH,1.774907752349783,0.6627719083369223
PTH1R(P415A),PCO371,-7.0,1.0
PTH1R(P415A),PTH,-10.602799781048654,1.238060587962123
PTH2R(L370P),PCO371,-7.346528947004118,1.180429307438862
PTH2R(L370P),PTH,-9.220432787383539,0.8673793397093097
WT GLP1R,PCO371,-7.0,1.0
WT GLP1R,PTH,-11.0,1.0
WT PTH1R,PCO371,-6.755795938595262,0.9444907367226046
WT PTH1R,PTH,-10.706672229726971,1.005161825303772
WT PTH2R,PCO371,-8.171557546021823,0.6421363190480475
WT PTH2R,PTH,-9.9556336135207,1.092105714004992
