sample,max_od_fit,growth_rate_fit,lag_hr_fit,max_od_true,growth_rate_true,lag_hr_true
culture_A,1.290972492320017,0.44316055397023035,5.916000344549782,1.3,0.42,6.0
culture_B,1.0959590797128822,0.544534277960301,4.348381604574238,1.1,0.55,4.5
culture_C,1.5086861265654978,0.3471804585503088,7.551702524592121,1.5,0.35,7.5
